INCIDENT TYPE;INCIDENT NUMBER;ADDRESS;CITY;STATE CODE;ZIP CODE;APPARATUS NAME;DISPATCH NOTIFIED DATE/TIME;DISPATCH AT;ENROUTE AT;ARRIVE AT
746 - Carbon monoxide detector activation,  no CO;2023-230023246;11518 LAUREN LN;DAVIDSON;NC;28036;Engine 2;23/01/2023 11:20;23/01/2023 11:20;23/01/2023 11:20;23/01/2023 11:23
745 - Alarm system activation,  no fire - unintentional;2023-048203;19125 RIVER FALLS DR;DAVIDSON;NC;28036;Battalion 1;20/03/2023 13:04;20/03/2023 13:04;20/03/2023 13:05;20/03/2023 13:08
745 - Alarm system activation,  no fire - unintentional;2023-051766;19402 SMITHVILLE LN;CORNELIUS;NC;28031;Engine 1;25/03/2023 16:18;25/03/2023 16:18;25/03/2023 16:19;25/03/2023 16:24
745 - Alarm system activation,  no fire - unintentional;2023-007275;215 S MAIN ST;DAVIDSON;NC;28036;Engine 1;12/01/2023 16:03;12/01/2023 16:03;12/01/2023 16:03;12/01/2023 16:06
745 - Alarm system activation,  no fire - unintentional;2023-013112;19116 STATESVILLE RD;CORNELIUS;NC;28031;Engine 1;22/01/2023 17:03;22/01/2023 17:03;22/01/2023 17:03;22/01/2023 17:08
745 - Alarm system activation,  no fire - unintentional;2023-040695;209 DELBURG ST;DAVIDSON;NC;28036;Engine 1;08/03/2023 13:18;08/03/2023 13:18;08/03/2023 13:18;08/03/2023 13:21
745 - Alarm system activation,  no fire - unintentional;2023-042426;20820 TORRENCE CHAPEL RD;CORNELIUS;NC;28031;Engine 1;11/03/2023 7:31;11/03/2023 7:31;11/03/2023 7:32;11/03/2023 7:38
745 - Alarm system activation,  no fire - unintentional;2023-013027;19530 Mt Zion Py;Cornelius;NC;28031;Engine 1;22/01/2023 13:40;22/01/2023 13:40;22/01/2023 13:41;22/01/2023 13:45
745 - Alarm system activation,  no fire - unintentional;2023-048203;19125 RIVER FALLS DR;DAVIDSON;NC;28036;Tower 1;20/03/2023 13:04;20/03/2023 13:04;20/03/2023 13:05;20/03/2023 13:08
745 - Alarm system activation,  no fire - unintentional;2023-024732;400 AVINGER LN;DAVIDSON;NC;28036;Engine 1;10/02/2023 19:02;10/02/2023 19:02;10/02/2023 19:02;10/02/2023 19:06
745 - Alarm system activation,  no fire - unintentional;2023-050224;1043 Central Park Cr;Davidson;NC;28036;Engine 1;23/03/2023 14:25;23/03/2023 14:25;23/03/2023 14:25;23/03/2023 14:28
745 - Alarm system activation,  no fire - unintentional;2023-001584;400 AVINGER LN;DAVIDSON;NC;28036;Engine 1;03/01/2023 10:01;03/01/2023 10:01;03/01/2023 10:02;03/01/2023 10:06
745 - Alarm system activation,  no fire - unintentional;2023-048203;19125 RIVER FALLS DR;DAVIDSON;NC;28036;Car 5;20/03/2023 13:04;20/03/2023 13:04;20/03/2023 13:05;20/03/2023 13:08
745 - Alarm system activation,  no fire - unintentional;2023-025977;20820 TORRENCE CHAPEL RD;CORNELIUS;NC;28031;Engine 1;12/02/2023 21:05;12/02/2023 21:05;12/02/2023 21:06;12/02/2023 21:12
745 - Alarm system activation,  no fire - unintentional;2023-048203;19125 RIVER FALLS DR;DAVIDSON;NC;28036;Engine 2;20/03/2023 13:04;20/03/2023 13:04;20/03/2023 13:05;20/03/2023 13:08
745 - Alarm system activation,  no fire - unintentional;2023-048388;21300 DAVIDSON ST;CORNELIUS;NC;28031;Engine 1;20/03/2023 18:54;20/03/2023 18:54;20/03/2023 18:55;20/03/2023 18:58
745 - Alarm system activation,  no fire - unintentional;2023-016350;100 N MAIN ST;DAVIDSON;NC;28036;Battalion 1;28/01/2023 0:24;28/01/2023 0:24;28/01/2023 0:25;28/01/2023 0:42
745 - Alarm system activation,  no fire - unintentional;2023-048203;19125 RIVER FALLS DR;DAVIDSON;NC;28036;Engine 1;20/03/2023 13:04;20/03/2023 13:04;20/03/2023 13:05;20/03/2023 13:08
745 - Alarm system activation,  no fire - unintentional;2023-019789;635 SOUTH ST;DAVIDSON;NC;28036;Engine 1;02/02/2023 16:50;02/02/2023 16:50;02/02/2023 16:50;02/02/2023 16:51
745 - Alarm system activation,  no fire - unintentional;2023-024732;400 AVINGER LN;DAVIDSON;NC;28036;Engine 2;10/02/2023 19:02;10/02/2023 19:02;10/02/2023 19:03;10/02/2023 19:09
745 - Alarm system activation,  no fire - unintentional;2023-053477;14007 North Creek Village Dr;Huntersville;NC;28078;Engine 2;28/03/2023 9:53;28/03/2023 9:53;28/03/2023 9:55;28/03/2023 9:57
745 - Alarm system activation,  no fire - unintentional;2023-016350;100 N MAIN ST;DAVIDSON;NC;28036;Engine 2;28/01/2023 0:24;28/01/2023 0:24;28/01/2023 0:26;28/01/2023 0:30
745 - Alarm system activation,  no fire - unintentional;2023-024732;400 AVINGER LN;DAVIDSON;NC;28036;Battalion 1;10/02/2023 19:02;10/02/2023 19:02;10/02/2023 19:02;10/02/2023 19:07
744 - Detector activation,  no fire - unintentional;2023-022820;406 RIDGE RD;DAVIDSON;NC;28036;Engine 1;07/02/2023 17:41;07/02/2023 17:41;07/02/2023 17:42;07/02/2023 17:45
744 - Detector activation,  no fire - unintentional;2023-015668;431 PENINSULA DR;DAVIDSON;NC;28036;Battalion 1;26/01/2023 22:35;26/01/2023 22:35;26/01/2023 22:37;26/01/2023 22:42
744 - Detector activation,  no fire - unintentional;2023-046065;809 KIMBROUGH SQUARE CT;DAVIDSON;NC;28036;Engine 1;17/03/2023 6:18;17/03/2023 6:18;17/03/2023 6:19;17/03/2023 6:23
744 - Detector activation,  no fire - unintentional;2023-015668;431 PENINSULA DR;DAVIDSON;NC;28036;Engine 1;26/01/2023 22:35;26/01/2023 22:35;26/01/2023 22:37;26/01/2023 22:39
744 - Detector activation,  no fire - unintentional;2023-015668;431 PENINSULA DR;DAVIDSON;NC;28036;Engine 2;26/01/2023 22:35;26/01/2023 22:35;26/01/2023 22:36;26/01/2023 22:42
743 - Smoke detector activation,  no fire - unintentional;2023-041756;17419 Summers Walk Bv;Davidson;NC;28036;Battalion 1;10/03/2023 6:28;10/03/2023 6:28;10/03/2023 6:30;10/03/2023 6:37
743 - Smoke detector activation,  no fire - unintentional;2023-017672;251 SOUTH ST;DAVIDSON;NC;28036;Car 2;30/01/2023 9:26;30/01/2023 9:26;30/01/2023 9:27;30/01/2023 9:28
743 - Smoke detector activation,  no fire - unintentional;2023-017672;251 SOUTH ST;DAVIDSON;NC;28036;Car 1;30/01/2023 9:26;30/01/2023 9:26;30/01/2023 9:27;30/01/2023 9:28
743 - Smoke detector activation,  no fire - unintentional;2023-017672;251 SOUTH ST;DAVIDSON;NC;28036;Tower 1;30/01/2023 9:26;30/01/2023 9:26;30/01/2023 9:27;30/01/2023 9:28
743 - Smoke detector activation,  no fire - unintentional;2023-017672;251 SOUTH ST;DAVIDSON;NC;28036;Engine 1;30/01/2023 9:26;30/01/2023 9:26;30/01/2023 9:27;30/01/2023 9:28
743 - Smoke detector activation,  no fire - unintentional;2023-007774;526 LORIMER RD;DAVIDSON;NC;28036;Battalion 1;13/01/2023 12:12;13/01/2023 12:12;13/01/2023 12:12;13/01/2023 12:20
743 - Smoke detector activation,  no fire - unintentional;2023-030304;112 Patterson Court Cr;Davidson;NC;28036;Engine 1;19/02/2023 19:25;19/02/2023 19:25;19/02/2023 19:26;19/02/2023 19:28
743 - Smoke detector activation,  no fire - unintentional;2023-006769;111 DORMITORY DR;DAVIDSON;NC;28036;Battalion 1;11/01/2023 18:06;11/01/2023 18:06;11/01/2023 18:07;11/01/2023 18:12
743 - Smoke detector activation,  no fire - unintentional;2023-006769;111 DORMITORY DR;DAVIDSON;NC;28036;Engine 1;11/01/2023 18:06;11/01/2023 18:06;11/01/2023 18:11;11/01/2023 18:26
743 - Smoke detector activation,  no fire - unintentional;2023-023322;511 S MAIN ST;DAVIDSON;NC;28036;Engine 1;08/02/2023 13:54;08/02/2023 13:54;08/02/2023 13:55;08/02/2023 13:57
743 - Smoke detector activation,  no fire - unintentional;2023-023322;511 S MAIN ST;DAVIDSON;NC;28036;Battalion 1;08/02/2023 13:54;08/02/2023 13:54;08/02/2023 13:55;08/02/2023 13:57
743 - Smoke detector activation,  no fire - unintentional;2023-031456;17627 STUTTGART RD;DAVIDSON;NC;28036;Engine 2;21/02/2023 16:00;21/02/2023 16:00;21/02/2023 16:01;21/02/2023 16:07
743 - Smoke detector activation,  no fire - unintentional;2023-006769;111 DORMITORY DR;DAVIDSON;NC;28036;Engine 2;11/01/2023 18:06;11/01/2023 18:06;11/01/2023 18:07;11/01/2023 18:12
743 - Smoke detector activation,  no fire - unintentional;2023-041756;17419 Summers Walk Bv;Davidson;NC;28036;Engine 2;10/03/2023 6:28;10/03/2023 6:28;10/03/2023 6:30;10/03/2023 6:36
740 - Unintentional transmission of alarm,  other;2023-17644;12333 Westbranch Py;Davidson;NC;28035;Battalion 1;30/01/2023 8:24;30/01/2023 8:24;30/01/2023 8:25;30/01/2023 8:33
740 - Unintentional transmission of alarm,  other;2023-020803;809 KIMBROUGH SQUARE CT;DAVIDSON;NC;28036;Engine 1;04/02/2023 9:05;04/02/2023 9:05;04/02/2023 9:06;04/02/2023 9:08
740 - Unintentional transmission of alarm,  other;2023-030162;18403 DEMBRIDGE DR;DAVIDSON;NC;28036;Car 5;19/02/2023 14:34;19/02/2023 14:34;19/02/2023 14:35;19/02/2023 14:42
740 - Unintentional transmission of alarm,  other;2023-030162;18403 DEMBRIDGE DR;DAVIDSON;NC;28036;Engine 2;19/02/2023 14:34;19/02/2023 14:34;19/02/2023 14:35;19/02/2023 14:42
740 - Unintentional transmission of alarm,  other;2023-003595;18516 RIVER FORD DR;DAVIDSON;NC;28036;Engine 2;06/01/2023 8:10;06/01/2023 8:10;06/01/2023 8:12;06/01/2023 8:15
740 - Unintentional transmission of alarm,  other;2023-003595;18516 RIVER FORD DR;DAVIDSON;NC;28036;Battalion 1;06/01/2023 8:10;06/01/2023 8:10;06/01/2023 8:11;06/01/2023 8:14
740 - Unintentional transmission of alarm,  other;2023-003697;409 RIDGE RD;DAVIDSON;NC;28036;Car 2;06/01/2023 11:10;06/01/2023 11:10;06/01/2023 11:10;06/01/2023 11:14
740 - Unintentional transmission of alarm,  other;2023-003697;409 RIDGE RD;DAVIDSON;NC;28036;Engine 1;06/01/2023 11:10;06/01/2023 11:10;06/01/2023 11:10;06/01/2023 11:14
740 - Unintentional transmission of alarm,  other;2023-041756;17419 Summers Walk Bv;Davidson;NC;28036;Battalion 1;10/03/2023 6:28;10/03/2023 6:28;10/03/2023 6:29;10/03/2023 6:35
740 - Unintentional transmission of alarm,  other;2023-041756;17419 Summers Walk Bv;Davidson;NC;28036;Engine 2;10/03/2023 6:28;10/03/2023 6:28;10/03/2023 6:29;10/03/2023 6:35
740 - Unintentional transmission of alarm,  other;2023-014838;635 SOUTH ST;DAVIDSON;NC;28036;Engine 1;25/01/2023 15:52;25/01/2023 15:52;25/01/2023 15:53;25/01/2023 15:55
740 - Unintentional transmission of alarm,  other;2023-014856;635 SOUTH ST;DAVIDSON;NC;28036;Engine 1;25/01/2023 16:26;25/01/2023 16:26;25/01/2023 16:27;25/01/2023 16:29
740 - Unintentional transmission of alarm,  other;2023-006742;18808 SHEARER RD;DAVIDSON;NC;28036;Engine 2;11/01/2023 17:21;11/01/2023 17:21;11/01/2023 17:22;11/01/2023 17:31
740 - Unintentional transmission of alarm,  other;2023-17644;12333 Westbranch Py;Davidson;NC;28035;Engine 2;30/01/2023 8:24;30/01/2023 8:24;30/01/2023 8:25;30/01/2023 8:33
740 - Unintentional transmission of alarm,  other;2023-006742;18808 SHEARER RD;DAVIDSON;NC;28036;Battalion 1;11/01/2023 17:21;11/01/2023 17:21;11/01/2023 17:23;11/01/2023 17:31
740 - Unintentional transmission of alarm,  other;2023-018153;251 SOUTH ST;DAVIDSON;NC;28036;Engine 2;31/01/2023 0:40;31/01/2023 0:40;31/01/2023 0:41;31/01/2023 0:43
740 - Unintentional transmission of alarm,  other;2023-018153;251 SOUTH ST;DAVIDSON;NC;28036;Battalion 1;31/01/2023 0:40;31/01/2023 0:40;31/01/2023 0:41;31/01/2023 0:43
740 - Unintentional transmission of alarm,  other;2023-018153;251 SOUTH ST;DAVIDSON;NC;28036;Engine 1;31/01/2023 0:40;31/01/2023 0:40;31/01/2023 0:41;31/01/2023 0:43
740 - Unintentional transmission of alarm,  other;2023-020803;809 KIMBROUGH SQUARE CT;DAVIDSON;NC;28036;Battalion 1;04/02/2023 9:05;04/02/2023 9:05;04/02/2023 9:06;04/02/2023 9:10
740 - Unintentional transmission of alarm,  other;2023-020803;809 KIMBROUGH SQUARE CT;DAVIDSON;NC;28036;Engine 2;04/02/2023 9:05;04/02/2023 9:05;04/02/2023 9:06;04/02/2023 9:08
736 - CO detector activation due to malfunction;2023-037081;635 OLD MEETING WAY;DAVIDSON;NC;28036;Engine 1;02/03/2023 20:26;02/03/2023 20:26;02/03/2023 20:27;02/03/2023 20:29
735 - Alarm system sounded due to malfunction;2023-038641;400 AVINGER LN;DAVIDSON;NC;28036;Engine 2;05/03/2023 7:45;05/03/2023 7:45;05/03/2023 7:45;05/03/2023 7:48
735 - Alarm system sounded due to malfunction;2023-053611;21445 CATAWBA AVE;CORNELIUS;NC;28031;Tower 1;28/03/2023 13:29;28/03/2023 13:29;28/03/2023 13:30;28/03/2023 13:35
735 - Alarm system sounded due to malfunction;2023-038641;400 AVINGER LN;DAVIDSON;NC;28036;Engine 1;05/03/2023 7:45;05/03/2023 7:45;05/03/2023 7:45;05/03/2023 7:48
735 - Alarm system sounded due to malfunction;2023-053553;251 SOUTH ST;DAVIDSON;NC;28036;Car 5;28/03/2023 11:51;28/03/2023 11:51;28/03/2023 11:52;28/03/2023 11:52
735 - Alarm system sounded due to malfunction;2023-038641;400 AVINGER LN;DAVIDSON;NC;28036;Battalion 1;05/03/2023 7:45;05/03/2023 7:45;05/03/2023 7:45;05/03/2023 7:48
735 - Alarm system sounded due to malfunction;01032023-001672;15004 VILLAGE CROSSING RD;HUNTERSVILLE;NC;28078;Battalion 1;03/01/2023 12:47;03/01/2023 12:47;03/01/2023 12:49;03/01/2023 12:52
735 - Alarm system sounded due to malfunction;01032023-001672;15004 VILLAGE CROSSING RD;HUNTERSVILLE;NC;28078;Engine 2;03/01/2023 12:47;03/01/2023 12:47;03/01/2023 12:49;03/01/2023 12:52
733 - Smoke detector activation due to malfunction;2023-3694;14214 MAMES WAY;DAVIDSON;NC;28036;Engine 2;06/01/2023 11:06;06/01/2023 11:06;06/01/2023 11:07;06/01/2023 11:12
700 - False alarm or false call,  other;2023-038641;400 AVINGER LN;DAVIDSON;NC;28036;Engine 2;05/03/2023 7:45;05/03/2023 7:45;05/03/2023 7:47;05/03/2023 7:52
700 - False alarm or false call,  other;2023-011200;706 NORTHEAST DR;DAVIDSON;NC;28036;Engine 1;19/01/2023 11:44;19/01/2023 11:44;19/01/2023 11:44;19/01/2023 11:48
700 - False alarm or false call,  other;2023-028157;21440 CATAWBA AVE;CORNELIUS;NC;28031;Engine 1;16/02/2023 10:15;16/02/2023 10:15;16/02/2023 10:16;16/02/2023 10:19
700 - False alarm or false call,  other;2023-039120;206 JACKSON ST;DAVIDSON;NC;28036;Battalion 1;06/03/2023 0:50;06/03/2023 0:50;06/03/2023 0:52;06/03/2023 0:57
700 - False alarm or false call,  other;2023-039120;206 JACKSON ST;DAVIDSON;NC;28036;Engine 1;06/03/2023 0:50;06/03/2023 0:50;06/03/2023 0:52;06/03/2023 0:53
700 - False alarm or false call,  other;2023-039120;206 JACKSON ST;DAVIDSON;NC;28036;Engine 2;06/03/2023 0:50;06/03/2023 0:50;06/03/2023 0:52;06/03/2023 0:56
700 - False alarm or false call,  other;2023-039182;825 PENINSULA DR;DAVIDSON;NC;28036;Engine 1;06/03/2023 6:18;06/03/2023 6:18;06/03/2023 6:20;06/03/2023 6:23
700 - False alarm or false call,  other;2023-005401;408 RIDGE RD;DAVIDSON;NC;28036;Engine 1;09/01/2023 11:31;09/01/2023 11:31;09/01/2023 11:32;09/01/2023 11:36
700 - False alarm or false call,  other;2023-023324;18822 RIVER FALLS DR;DAVIDSON;NC;28036;Engine 2;08/02/2023 13:58;08/02/2023 13:58;08/02/2023 14:05;08/02/2023 14:05
700 - False alarm or false call,  other;2023-000946;630 DAVIDSON GATEWAY DR;DAVIDSON;NC;28036;Engine 1;02/01/2023 9:46;02/01/2023 9:46;02/01/2023 9:47;02/01/2023 9:49
700 - False alarm or false call,  other;2023-000916;21013 PINE ST;CORNELIUS;NC;28031;Engine 1;02/01/2023 8:33;02/01/2023 8:33;02/01/2023 8:33;02/01/2023 8:38
700 - False alarm or false call,  other;2023-012869;19530 Mt Zion Py;Cornelius;NC;28031;Engine 1;22/01/2023 5:27;22/01/2023 5:27;22/01/2023 5:29;22/01/2023 5:33
700 - False alarm or false call,  other;2023-000946;630 DAVIDSON GATEWAY DR;DAVIDSON;NC;28036;Engine 2;02/01/2023 9:46;02/01/2023 9:46;02/01/2023 9:47;02/01/2023 9:50
700 - False alarm or false call,  other;2023-034318;655 PORTSIDE DR;DAVIDSON;NC;28036;Engine 1;26/02/2023 12:00;26/02/2023 12:00;26/02/2023 12:01;26/02/2023 12:05
700 - False alarm or false call,  other;2023-038641;400 AVINGER LN;DAVIDSON;NC;28036;Battalion 1;05/03/2023 7:45;05/03/2023 7:45;05/03/2023 7:46;05/03/2023 7:51
700 - False alarm or false call,  other;2023-038641;400 AVINGER LN;DAVIDSON;NC;28036;Engine 1;05/03/2023 7:45;05/03/2023 7:45;05/03/2023 7:46;05/03/2023 7:50
700 - False alarm or false call,  other;2023-025922;18410 BARNHARDT RD;DAVIDSON;NC;28036;Engine 2;12/02/2023 19:28;12/02/2023 19:28;12/02/2023 19:28;12/02/2023 19:31
700 - False alarm or false call,  other;2023-000946;630 DAVIDSON GATEWAY DR;DAVIDSON;NC;28036;Car 2;02/01/2023 9:46;02/01/2023 9:46;02/01/2023 9:47;02/01/2023 9:50
700 - False alarm or false call,  other;2023-025922;18410 BARNHARDT RD;DAVIDSON;NC;28036;Battalion 1;12/02/2023 19:28;12/02/2023 19:28;12/02/2023 19:29;12/02/2023 19:38
671 - HazMat release investigation w/no HazMat;2023-026200;705 GRIFFITH ST;DAVIDSON;NC;28036;Battalion 1;13/02/2023 8:32;13/02/2023 8:32;13/02/2023 8:33;13/02/2023 8:36
671 - HazMat release investigation w/no HazMat;2023-026200;705 GRIFFITH ST;DAVIDSON;NC;28036;Engine 1;13/02/2023 8:32;13/02/2023 8:32;13/02/2023 8:33;13/02/2023 8:36
651 - Smoke scare,  odor of smoke;2023-017435;225 Armour St;Davidson;NC;28036;Battalion 1;29/01/2023 22:27;29/01/2023 22:27;29/01/2023 22:28;29/01/2023 22:34
651 - Smoke scare,  odor of smoke;2023-049519;19125 RIVER FALLS DR;DAVIDSON;NC;28036;Tower 1;22/03/2023 14:03;22/03/2023 14:03;22/03/2023 14:04;22/03/2023 14:08
651 - Smoke scare,  odor of smoke;2023-049519;19125 RIVER FALLS DR;DAVIDSON;NC;28036;Engine 2;22/03/2023 14:03;22/03/2023 14:03;22/03/2023 14:04;22/03/2023 14:09
651 - Smoke scare,  odor of smoke;2023-049519;19125 RIVER FALLS DR;DAVIDSON;NC;28036;Car 1;22/03/2023 14:03;22/03/2023 14:04;22/03/2023 14:05;22/03/2023 14:09
651 - Smoke scare,  odor of smoke;2023-045222;120 PARKSIDE LN;MOORESVILLE;NC;28117;Engine 1;15/03/2023 19:40;15/03/2023 19:40;15/03/2023 19:40;15/03/2023 19:46
651 - Smoke scare,  odor of smoke;2023-049519;19125 RIVER FALLS DR;DAVIDSON;NC;28036;Battalion 1;22/03/2023 14:03;22/03/2023 14:03;22/03/2023 14:05;22/03/2023 14:07
651 - Smoke scare,  odor of smoke;2023-017435;225 Armour St;Davidson;NC;28036;Engine 1;29/01/2023 22:27;29/01/2023 22:27;29/01/2023 22:28;29/01/2023 22:31
651 - Smoke scare,  odor of smoke;2023-017435;225 Armour St;Davidson;NC;28036;Engine 2;29/01/2023 22:27;29/01/2023 22:27;29/01/2023 22:28;29/01/2023 22:34
622 - No incident found on arrival at dispatch address;2023-027278;837 Beaty St;Davidson;NC;28036;Engine 1;14/02/2023 21:33;14/02/2023 21:33;14/02/2023 21:34;14/02/2023 21:37
622 - No incident found on arrival at dispatch address;2023-008863;127 S MAIN ST;DAVIDSON;NC;28036;Engine 1;15/01/2023 10:40;15/01/2023 10:40;15/01/2023 10:41;15/01/2023 10:42
622 - No incident found on arrival at dispatch address;2023-041251;16740 DAVIDSON-CONCORD RD;DAVIDSON;NC;28036;Engine 2;09/03/2023 11:21;09/03/2023 11:21;09/03/2023 11:22;09/03/2023 11:28
622 - No incident found on arrival at dispatch address;2023-019533;251 SOUTH ST;DAVIDSON;NC;28036;Engine 1;02/02/2023 9:23;02/02/2023 9:23;02/02/2023 9:33;02/02/2023 9:33
600 - Good intent call,  other;2023-009140;614 OLD MEETING WAY;DAVIDSON;NC;28036;Engine 1;15/01/2023 19:20;15/01/2023 19:20;15/01/2023 19:20;15/01/2023 19:24
600 - Good intent call,  other;2023-042195;837 BEATY ST;DAVIDSON;NC;28036;Engine 1;10/03/2023 19:44;10/03/2023 19:44;10/03/2023 19:45;10/03/2023 19:48
600 - Good intent call,  other;2023-048156;20651 CATAWBA AVE;CORNELIUS;NC;28031;Engine 1;20/03/2023 11:53;20/03/2023 11:53;20/03/2023 11:53;20/03/2023 11:57
600 - Good intent call,  other;2023-011707;15515 QUEENS TRAIL DR;DAVIDSON;NC;28036;Battalion 1;20/01/2023 8:18;20/01/2023 8:18;20/01/2023 8:19;20/01/2023 8:25
600 - Good intent call,  other;2023-011707;15515 QUEENS TRAIL DR;DAVIDSON;NC;28036;Engine 2;20/01/2023 8:18;20/01/2023 8:18;20/01/2023 8:19;20/01/2023 8:24
554 - Assist invalid;2023-022130;825 PENINSULA DR;DAVIDSON;NC;28036;Engine 1;06/02/2023 15:35;06/02/2023 15:35;06/02/2023 15:35;06/02/2023 15:38
554 - Assist invalid;2023-041404;20021 METAPHOR MEWS;DAVIDSON;NC;28036;Engine 2;09/03/2023 16:06;09/03/2023 16:06;09/03/2023 16:07;09/03/2023 16:08
554 - Assist invalid;2023-016565;825 PENINSULA DR;DAVIDSON;NC;28036;Engine 1;28/01/2023 11:59;28/01/2023 11:59;28/01/2023 12:00;28/01/2023 12:04
554 - Assist invalid;2023-041443;825 PENINSULA DR;DAVIDSON;NC;28036;Engine 1;09/03/2023 17:06;09/03/2023 17:06;09/03/2023 17:07;09/03/2023 17:12
554 - Assist invalid;2023-022813;825 PENINSULA DR;DAVIDSON;NC;28036;Engine 1;07/02/2023 17:26;07/02/2023 17:26;07/02/2023 17:27;07/02/2023 17:31
554 - Assist invalid;2023-039020;825 PENINSULA DR;DAVIDSON;NC;28036;Engine 1;05/03/2023 20:58;05/03/2023 20:58;05/03/2023 20:59;05/03/2023 20:59
554 - Assist invalid;2023-038996;825 PENINSULA DR;DAVIDSON;NC;28036;Engine 1;05/03/2023 20:16;05/03/2023 20:16;05/03/2023 20:16;05/03/2023 20:20
554 - Assist invalid;2023-026358;825 PENINSULA DR;DAVIDSON;NC;28036;Engine 1;13/02/2023 13:11;13/02/2023 13:11;13/02/2023 13:12;13/02/2023 13:17
554 - Assist invalid;2023-027309;860 JETTON ST;DAVIDSON;NC;28036;Engine 1;14/02/2023 22:32;14/02/2023 22:32;14/02/2023 22:33;14/02/2023 22:36
554 - Assist invalid;2023-026727;921 NORTHEAST DR;DAVIDSON;NC;28036;Engine 1;14/02/2023 1:55;14/02/2023 1:55;14/02/2023 1:56;14/02/2023 2:01
554 - Assist invalid;2023-006986;110 SPINNAKER CT;DAVIDSON;NC;28036;Engine 1;11/01/2023 22:24;11/01/2023 22:24;11/01/2023 22:25;11/01/2023 22:29
554 - Assist invalid;2023-008131;825 PENINSULA DR;DAVIDSON;NC;28036;Engine 1;13/01/2023 23:45;13/01/2023 23:45;13/01/2023 23:48;13/01/2023 23:55
554 - Assist invalid;2023-019285;556 EASTWAY ST;DAVIDSON;NC;28036;Engine 1;01/02/2023 19:51;01/02/2023 19:51;01/02/2023 19:51;01/02/2023 19:55
554 - Assist invalid;2023-047465;825 PENINSULA DR;DAVIDSON;NC;28036;Engine 1;19/03/2023 7:21;19/03/2023 7:21;19/03/2023 7:22;19/03/2023 7:26
554 - Assist invalid;2023-003883;825 PENINSULA DR;DAVIDSON;NC;28036;Engine 1;06/01/2023 16:17;06/01/2023 16:17;06/01/2023 16:18;06/01/2023 16:23
554 - Assist invalid;2023-034714;825 PENINSULA DR;DAVIDSON;NC;28036;Engine 1;27/02/2023 6:00;27/02/2023 6:00;27/02/2023 6:02;27/02/2023 6:07
554 - Assist invalid;2023-043066;130 VIEWLAKE ST;DAVIDSON;NC;28036;Engine 1;12/03/2023 10:48;12/03/2023 10:48;12/03/2023 10:49;12/03/2023 10:54
554 - Assist invalid;2023-013958;825 PENINSULA DR;DAVIDSON;NC;28036;Engine 1;24/01/2023 4:28;24/01/2023 4:28;24/01/2023 4:29;24/01/2023 4:33
552 - Police matter;2023-030240;125 HARBOUR PLACE DR;DAVIDSON;NC;28036;Engine 1;19/02/2023 17:15;19/02/2023 17:15;19/02/2023 17:16;19/02/2023 17:20
552 - Police matter;2023-019077;860 JETTON ST;DAVIDSON;NC;28036;Engine 1;01/02/2023 12:47;01/02/2023 12:47;01/02/2023 12:48;01/02/2023 12:52
551 - Assist police or other governmental agency;2023-026543;3130-3190 S I-77 Hy;Mt. Mourne;NC;28123;Engine 1;13/02/2023 18:00;13/02/2023 18:00;13/02/2023 18:00;13/02/2023 18:05
550 - Public service assistance,  other;2023-016757;837 BEATY ST;DAVIDSON;NC;28036;Engine 1;28/01/2023 18:00;28/01/2023 18:00;28/01/2023 18:00;28/01/2023 18:03
550 - Public service assistance,  other;2023-042430;16800-17005 Davidson-concord R;Davidson;NC;28036;Engine 2;11/03/2023 7:56;11/03/2023 7:56;11/03/2023 7:57;11/03/2023 8:01
550 - Public service assistance,  other;2023-017163;228 S FAULKNER WAY;DAVIDSON;NC;28036;Engine 2;29/01/2023 11:53;29/01/2023 11:53;29/01/2023 12:00;29/01/2023 12:00
531 - Smoke or odor removal;2023-042627;20740 TORRENCE CHAPEL RD;CORNELIUS;NC;28031;Engine 1;11/03/2023 14:56;11/03/2023 14:56;11/03/2023 14:57;11/03/2023 15:02
531 - Smoke or odor removal;2023-043910;20740 TORRENCE CHAPEL RD;CORNELIUS;NC;28031;Engine 1;13/03/2023 19:50;13/03/2023 19:50;13/03/2023 19:51;13/03/2023 19:56
522 - Water or steam leak;2023-006149;Dembridge Dr ;Davidson;NC;28036;Engine 2;10/01/2023 17:01;10/01/2023 17:01;10/01/2023 17:02;10/01/2023 17:09
520 - Water problem,  other;2023-023050;19800 Davidson-concord Rd;Davidson;NC;28036;Engine 2;08/02/2023 2:49;08/02/2023 2:49;08/02/2023 2:50;08/02/2023 2:52
511 - Lock-out;2023-015678;308 JETTON ST;DAVIDSON;NC;28036;Engine 1;26/01/2023 23:07;26/01/2023 23:07;26/01/2023 23:08;26/01/2023 23:11
510 - Person in distress,  other;2023-007925;119 S MAIN ST;DAVIDSON;NC;28036;Engine 1;13/01/2023 17:26;13/01/2023 17:26;13/01/2023 17:26;13/01/2023 17:27
500 - Service Call,  other;2023-023417;21215 SHEARER RD;DAVIDSON;NC;28036;Engine 2;08/02/2023 16:22;08/02/2023 16:22;08/02/2023 16:23;08/02/2023 16:32
500 - Service Call,  other;2023-005481;559 CONCORD RD;DAVIDSON;NC;28036;Battalion 1;09/01/2023 13:42;09/01/2023 13:42;09/01/2023 13:45;09/01/2023 13:49
500 - Service Call,  other;2023-023417;21215 SHEARER RD;DAVIDSON;NC;28036;Battalion 1;08/02/2023 16:22;08/02/2023 16:22;08/02/2023 16:23;08/02/2023 16:36
500 - Service Call,  other;2023-002861;1401 GREY RD;DAVIDSON;NC;28036;Engine 1;05/01/2023 6:28;05/01/2023 6:28;05/01/2023 6:30;05/01/2023 6:35
500 - Service Call,  other;2023-005481;559 CONCORD RD;DAVIDSON;NC;28036;Engine 1;09/01/2023 13:42;09/01/2023 13:42;09/01/2023 13:43;09/01/2023 13:47
500 - Service Call,  other;2023-048723;539 BEATY ST;DAVIDSON;NC;28036;Engine 1;21/03/2023 9:46;21/03/2023 9:46;21/03/2023 9:47;21/03/2023 9:50
442 - Overheated motor;2023-030335;719 SPRING ST;DAVIDSON;NC;28036;Engine 1;19/02/2023 20:46;19/02/2023 20:46;19/02/2023 20:47;19/02/2023 20:49
440 - Electrical  wiring/equipment problem,  other;2023-044206;831 BEATY ST;DAVIDSON;NC;28036;Engine 1;14/03/2023 10:45;14/03/2023 10:45;14/03/2023 10:46;14/03/2023 10:50
440 - Electrical  wiring/equipment problem,  other;2023-026902;16527 REINSCH DR;DAVIDSON;NC;28036;Engine 1;14/02/2023 10:57;14/02/2023 10:57;14/02/2023 10:59;14/02/2023 11:03
440 - Electrical  wiring/equipment problem,  other;2023-026902;16527 REINSCH DR;DAVIDSON;NC;28036;Engine 2;14/02/2023 10:57;14/02/2023 10:57;14/02/2023 10:59;14/02/2023 11:03
440 - Electrical  wiring/equipment problem,  other;2023-026902;16527 REINSCH DR;DAVIDSON;NC;28036;Tower 1;14/02/2023 10:57;14/02/2023 10:57;14/02/2023 10:58;14/02/2023 11:04
440 - Electrical  wiring/equipment problem,  other;2023-026902;16527 REINSCH DR;DAVIDSON;NC;28036;Battalion 1;14/02/2023 10:57;14/02/2023 10:57;14/02/2023 10:59;14/02/2023 11:03
440 - Electrical  wiring/equipment problem,  other;2023-044611;Scanlan Wy ;Davidson;NC;28036;Engine 2;14/03/2023 21:09;14/03/2023 21:09;14/03/2023 21:10;14/03/2023 21:13
412 - Gas leak (natural gas or LPG);2023-008126;14221 MAMES WAY;DAVIDSON;NC;28036;Battalion 1;13/01/2023 23:38;13/01/2023 23:38;13/01/2023 23:39;13/01/2023 23:44
412 - Gas leak (natural gas or LPG);2023-008126;14221 MAMES WAY;DAVIDSON;NC;28036;Engine 2;13/01/2023 23:38;13/01/2023 23:38;13/01/2023 23:39;13/01/2023 23:45
412 - Gas leak (natural gas or LPG);2023-016858;19905 WASHAM ST;CORNELIUS;NC;28031;Engine 1;28/01/2023 21:14;28/01/2023 21:14;28/01/2023 21:14;28/01/2023 21:19
412 - Gas leak (natural gas or LPG);2022-006466;19410 SMITHVILLE LN;CORNELIUS;NC;28031;Engine 1;11/01/2023 8:51;11/01/2023 8:51;11/01/2023 8:52;11/01/2023 8:56
412 - Gas leak (natural gas or LPG);2023-23-132;Bridlepath Tl ;Davidson;NC;28054;Battalion 1;13/01/2023 9:49;13/01/2023 9:49;13/01/2023 9:51;13/01/2023 10:00
412 - Gas leak (natural gas or LPG);2023-23-132;Bridlepath Tl ;Davidson;NC;28054;Engine 2;13/01/2023 9:49;13/01/2023 9:49;13/01/2023 9:50;13/01/2023 10:00
412 - Gas leak (natural gas or LPG);2023-017803;13127 MARQUIS ST;DAVIDSON;NC;28036;Battalion 1;30/01/2023 13:02;30/01/2023 13:02;30/01/2023 13:02;30/01/2023 13:02
412 - Gas leak (natural gas or LPG);2023-047129;207 Ambleside Vlg Ln;Davidson;NC;28036;Engine 1;18/03/2023 18:58;18/03/2023 18:58;18/03/2023 18:58;18/03/2023 19:03
410 - Combustible/flammable gas/liquid condition,  other;2023-040559;18814 River Crossing Bv;Davidson;NC;28035;Engine 1;08/03/2023 9:56;08/03/2023 9:56;08/03/2023 9:57;08/03/2023 10:01
410 - Combustible/flammable gas/liquid condition,  other;2023-040559;18814 River Crossing Bv;Davidson;NC;28035;Battalion 1;08/03/2023 9:56;08/03/2023 9:56;08/03/2023 9:57;08/03/2023 10:02
410 - Combustible/flammable gas/liquid condition,  other;2023-040559;18814 River Crossing Bv;Davidson;NC;28035;Engine 2;08/03/2023 9:56;08/03/2023 9:56;08/03/2023 9:57;08/03/2023 10:02
365 - Watercraft rescue;2023-007720;800 BEATY ST;DAVIDSON;NC;28036;Car 2;13/01/2023 10:23;13/01/2023 10:23;13/01/2023 10:23;13/01/2023 10:24
365 - Watercraft rescue;2023-007720;800 BEATY ST;DAVIDSON;NC;28036;Car 4;13/01/2023 10:23;13/01/2023 10:23;13/01/2023 10:23;13/01/2023 10:24
365 - Watercraft rescue;2023-007720;800 BEATY ST;DAVIDSON;NC;28036;Engine 1;13/01/2023 10:23;13/01/2023 10:23;13/01/2023 10:23;13/01/2023 10:24
353 - Removal of victim(s) from stalled elevator;2023-050261;100 NELSON LN;DAVIDSON;NC;28036;Engine 1;23/03/2023 15:25;23/03/2023 15:25;23/03/2023 15:26;23/03/2023 15:28
352 - Extrication of victim(s) from vehicle;2023-001841;31598 N I-77 Hy;Davidson;NC;28035;Battalion 1;03/01/2023 17:13;03/01/2023 17:13;03/01/2023 17:15;03/01/2023 17:23
352 - Extrication of victim(s) from vehicle;2023-001841;31598 N I-77 Hy;Davidson;NC;28035;Engine 1;03/01/2023 17:13;03/01/2023 17:13;03/01/2023 17:14;03/01/2023 17:18
331 - Lock-in (if lock out ,  use 511 );2023-049060;211 ARMOUR ST;DAVIDSON;NC;28036;Engine 1;21/03/2023 19:23;21/03/2023 19:23;21/03/2023 19:23;21/03/2023 19:26
324 - Motor vehicle accident with no injuries;2023-026168;Ramah Church Rd ;Huntersville;NC;28036;Engine 2;13/02/2023 7:24;13/02/2023 7:24;13/02/2023 7:25;13/02/2023 7:30
324 - Motor vehicle accident with no injuries;2023-020700;125 HARBOUR PLACE DR;DAVIDSON;NC;28036;Tower 1;04/02/2023 2:47;04/02/2023 2:47;04/02/2023 2:48;04/02/2023 2:54
324 - Motor vehicle accident with no injuries;2023-020700;125 HARBOUR PLACE DR;DAVIDSON;NC;28036;Engine 2;04/02/2023 2:47;04/02/2023 2:47;04/02/2023 2:51;04/02/2023 3:02
324 - Motor vehicle accident with no injuries;2023-020700;125 HARBOUR PLACE DR;DAVIDSON;NC;28036;Battalion 1;04/02/2023 2:47;04/02/2023 2:47;04/02/2023 2:49;04/02/2023 2:55
324 - Motor vehicle accident with no injuries;2023-019657;32100-32399 N I-77 Hy;Davidson;NC;28036;Tower 1;02/02/2023 13:06;02/02/2023 13:06;02/02/2023 13:07;02/02/2023 13:12
324 - Motor vehicle accident with no injuries;2023-019259;31598 N I-77 Hy;Davidson;NC;28036;Engine 1;01/02/2023 18:45;01/02/2023 18:45;01/02/2023 18:45;01/02/2023 18:45
324 - Motor vehicle accident with no injuries;2023-18235;Davidson-concord Rd ;Davidson;NC;28036;Engine 2;31/01/2023 6:36;31/01/2023 6:36;31/01/2023 6:38;31/01/2023 6:42
324 - Motor vehicle accident with no injuries;2023-053582;32000 S I-77 Hy;Davidson;NC;28036;Tower 1;28/03/2023 12:28;28/03/2023 12:28;28/03/2023 13:34;28/03/2023 13:35
324 - Motor vehicle accident with no injuries;2023-051683;32000 S I-77 Hy;Davidson;NC;28036;Engine 1;25/03/2023 14:13;25/03/2023 14:13;25/03/2023 14:14;25/03/2023 14:20
324 - Motor vehicle accident with no injuries;2023-016686;720 Jetton St;Davidson;NC;28036;Engine 1;28/01/2023 15:38;28/01/2023 15:38;28/01/2023 15:39;28/01/2023 15:41
324 - Motor vehicle accident with no injuries;2023-013204;Davidson-concord Rd ;Davidson;NC;28036;Battalion 1;22/01/2023 19:27;22/01/2023 19:27;22/01/2023 19:28;22/01/2023 19:32
324 - Motor vehicle accident with no injuries;2023-013204;Davidson-concord Rd ;Davidson;NC;28036;Engine 2;22/01/2023 19:27;22/01/2023 19:27;22/01/2023 19:28;22/01/2023 19:31
324 - Motor vehicle accident with no injuries;2023-052180;1401 GREY RD;DAVIDSON;NC;28036;Engine 1;26/03/2023 8:30;26/03/2023 8:30;26/03/2023 8:31;26/03/2023 8:34
324 - Motor vehicle accident with no injuries;2023-051683;32000 S I-77 Hy;Davidson;NC;28036;Battalion 1;25/03/2023 14:13;25/03/2023 14:13;25/03/2023 14:14;25/03/2023 14:20
324 - Motor vehicle accident with no injuries;2023-026168;Ramah Church Rd ;Huntersville;NC;28036;Car 5;13/02/2023 7:24;13/02/2023 7:24;13/02/2023 7:25;13/02/2023 7:30
324 - Motor vehicle accident with no injuries;2023-029617;32000 S I-77 Hy;Davidson;NC;28036;Tower 1;18/02/2023 15:35;18/02/2023 15:35;18/02/2023 15:35;18/02/2023 15:40
324 - Motor vehicle accident with no injuries;2023-028223;31598 N I-77 Hy;Davidson;NC;28036;Tower 1;16/02/2023 11:57;16/02/2023 11:57;16/02/2023 11:58;16/02/2023 12:02
322 - Motor vehicle accident with injuries;2023-049497;229 S Main St;Davidson;NC;28036;Engine 1;22/03/2023 13:11;22/03/2023 13:11;22/03/2023 13:12;22/03/2023 13:15
322 - Motor vehicle accident with injuries;2023-018607;Beaty St ;Davidson;NC;28035;Engine 2;31/01/2023 17:33;31/01/2023 17:33;31/01/2023 17:34;31/01/2023 17:40
322 - Motor vehicle accident with injuries;2023-013558;E Rocky River Rd ;Davidson;NC;28036;Engine 2;23/01/2023 11:56;23/01/2023 11:56;23/01/2023 11:57;23/01/2023 12:17
322 - Motor vehicle accident with injuries;2023-018602;31822-31951 S I-77 Hy;Davidson;NC;28036;Tower 1;31/01/2023 17:31;31/01/2023 17:31;31/01/2023 17:32;31/01/2023 17:39
322 - Motor vehicle accident with injuries;2023-013558;E Rocky River Rd ;Davidson;NC;28036;Battalion 1;23/01/2023 11:56;23/01/2023 11:56;23/01/2023 11:57;23/01/2023 12:02
322 - Motor vehicle accident with injuries;2023-005261;32000 S I-77 Hy;Davidson;NC;28036;Engine 1;09/01/2023 6:50;09/01/2023 6:50;09/01/2023 6:51;09/01/2023 6:55
322 - Motor vehicle accident with injuries;2023-022831;32000 S I-77 Hy;Davidson;NC;28036;Engine 1;07/02/2023 17:51;07/02/2023 17:51;07/02/2023 17:52;07/02/2023 17:56
322 - Motor vehicle accident with injuries;2023-008433;631 PORTSIDE DR;DAVIDSON;NC;28036;Engine 1;14/01/2023 13:38;14/01/2023 13:38;14/01/2023 13:39;14/01/2023 13:42
322 - Motor vehicle accident with injuries;2023-035606;30500-31199 S I-77 Hy;Cornelius;NC;28031;Tower 1;28/02/2023 14:00;28/02/2023 14:00;28/02/2023 14:01;28/02/2023 14:06
321 - EMS call,  excluding vehicle accident with injury;2023-046850;525 HARBOUR PLACE DR;DAVIDSON;NC;28036;Engine 1;18/03/2023 9:42;18/03/2023 9:42;18/03/2023 9:42;18/03/2023 9:44
321 - EMS call,  excluding vehicle accident with injury;2023-000542;Crescent Dr ;Davidson;NC;28036;Engine 2;01/01/2023 15:34;01/01/2023 15:34;01/01/2023 15:35;01/01/2023 15:38
321 - EMS call,  excluding vehicle accident with injury;2023-000468;209 DELBURG ST;DAVIDSON;NC;28036;Engine 1;01/01/2023 13:14;01/01/2023 13:14;01/01/2023 13:14;01/01/2023 13:15
321 - EMS call,  excluding vehicle accident with injury;2023-000856;519 GRIFFITH VILLAGE LN;DAVIDSON;NC;28036;Engine 1;02/01/2023 4:23;02/01/2023 4:23;02/01/2023 4:25;02/01/2023 4:27
321 - EMS call,  excluding vehicle accident with injury;2023-000764;1230 Torrence Cr;Davidson;NC;28036;Engine 1;01/01/2023 23:21;01/01/2023 23:21;01/01/2023 23:22;01/01/2023 23:27
321 - EMS call,  excluding vehicle accident with injury;2023-002935;400 AVINGER LN;DAVIDSON;NC;28036;Engine 1;05/01/2023 8:53;05/01/2023 8:53;05/01/2023 8:54;05/01/2023 8:59
321 - EMS call,  excluding vehicle accident with injury;2023-003119;179 MORRISON HILL RD;DAVIDSON;NC;28036;Engine 2;05/01/2023 13:49;05/01/2023 13:49;05/01/2023 13:50;05/01/2023 13:53
321 - EMS call,  excluding vehicle accident with injury;2023-004816;381 ARMOUR ST;DAVIDSON;NC;28036;Engine 1;08/01/2023 10:25;08/01/2023 10:25;08/01/2023 10:25;08/01/2023 10:28
321 - EMS call,  excluding vehicle accident with injury;2023-005172;265 HARPER LEE ST;DAVIDSON;NC;28036;Engine 2;09/01/2023 0:15;09/01/2023 0:15;09/01/2023 0:16;09/01/2023 0:22
321 - EMS call,  excluding vehicle accident with injury;2023-005807;257 HARPER LEE ST;DAVIDSON;NC;28036;Engine 2;10/01/2023 5:18;10/01/2023 5:18;10/01/2023 5:20;10/01/2023 5:26
321 - EMS call,  excluding vehicle accident with injury;2023-005832;14203 MAMES WAY;DAVIDSON;NC;28036;Engine 2;10/01/2023 7:03;10/01/2023 7:03;10/01/2023 7:03;10/01/2023 7:09
321 - EMS call,  excluding vehicle accident with injury;2023-006219;357 MAGNOLIA ST;DAVIDSON;NC;28036;Engine 1;10/01/2023 18:46;10/01/2023 18:46;10/01/2023 18:47;10/01/2023 18:50
321 - EMS call,  excluding vehicle accident with injury;2023-006235;710 TWIN OAKS RD;DAVIDSON;NC;28036;Engine 1;10/01/2023 19:06;10/01/2023 19:06;10/01/2023 19:07;10/01/2023 19:09
321 - EMS call,  excluding vehicle accident with injury;2023-006885;825 PENINSULA DR;DAVIDSON;NC;28036;Engine 2;11/01/2023 15:51;11/01/2023 15:51;11/01/2023 15:52;11/01/2023 15:56
321 - EMS call,  excluding vehicle accident with injury;2023-008085;431 PENINSULA DR;DAVIDSON;NC;28036;Engine 1;13/01/2023 21:47;13/01/2023 21:47;13/01/2023 21:49;13/01/2023 21:51
321 - EMS call,  excluding vehicle accident with injury;2023-008623;17517 GILLICAN OVERLOOK;DAVIDSON;NC;28036;Engine 2;14/01/2023 20:24;14/01/2023 20:24;14/01/2023 20:25;14/01/2023 20:31
321 - EMS call,  excluding vehicle accident with injury;2023-009178;825 PENINSULA DR;DAVIDSON;NC;28036;Engine 1;15/01/2023 20:42;15/01/2023 20:42;15/01/2023 20:43;15/01/2023 20:46
321 - EMS call,  excluding vehicle accident with injury;2023-009883;274 DAVIDSON GATEWAY DR;DAVIDSON;NC;28036;Engine 1;17/01/2023 2:48;17/01/2023 2:48;17/01/2023 2:50;17/01/2023 2:52
321 - EMS call,  excluding vehicle accident with injury;2023-010016;1040 SOUTHWEST DR;DAVIDSON;NC;28036;Engine 1;17/01/2023 9:59;17/01/2023 9:59;17/01/2023 10:00;17/01/2023 10:04
321 - EMS call,  excluding vehicle accident with injury;2023-010156;825 PENINSULA DR;DAVIDSON;NC;28036;Engine 1;17/01/2023 14:36;17/01/2023 14:36;17/01/2023 14:37;17/01/2023 14:41
321 - EMS call,  excluding vehicle accident with injury;2023-010200;835 BEATY ST;DAVIDSON;NC;28036;Engine 1;17/01/2023 15:42;17/01/2023 15:42;17/01/2023 15:42;17/01/2023 15:46
321 - EMS call,  excluding vehicle accident with injury;2023-010582;400 AVINGER LN;DAVIDSON;NC;28036;Engine 1;18/01/2023 9:43;18/01/2023 9:43;18/01/2023 9:44;18/01/2023 9:48
321 - EMS call,  excluding vehicle accident with injury;2023-011355;514 N MAIN ST;DAVIDSON;NC;28036;Engine 1;19/01/2023 16:44;19/01/2023 16:44;19/01/2023 16:44;19/01/2023 16:46
321 - EMS call,  excluding vehicle accident with injury;2023-011182;935 CLAIRES CREEK LN;DAVIDSON;NC;28036;Engine 2;19/01/2023 11:12;19/01/2023 11:12;19/01/2023 11:13;19/01/2023 11:14
321 - EMS call,  excluding vehicle accident with injury;2023-23-565;617 Ardrey Cr;Davidson;NC;28036;Engine 2;20/01/2023 18:12;20/01/2023 18:12;20/01/2023 18:13;20/01/2023 18:17
321 - EMS call,  excluding vehicle accident with injury;2023-012240;105 DORMITORY DR;DAVIDSON;NC;28036;Engine 1;21/01/2023 0:38;21/01/2023 0:38;21/01/2023 0:40;21/01/2023 0:43
321 - EMS call,  excluding vehicle accident with injury;2023-012708;757 CONCORD RD;DAVIDSON;NC;28036;Engine 1;21/01/2023 21:22;21/01/2023 21:22;21/01/2023 21:23;21/01/2023 21:26
321 - EMS call,  excluding vehicle accident with injury;2023-013158;405 RIDGE RD;DAVIDSON;NC;28036;Engine 1;22/01/2023 18:11;22/01/2023 18:11;22/01/2023 18:12;22/01/2023 18:16
321 - EMS call,  excluding vehicle accident with injury;2023-013774;514 WATSON ST;DAVIDSON;NC;28036;Engine 1;23/01/2023 18:23;23/01/2023 18:23;23/01/2023 18:23;23/01/2023 18:26
321 - EMS call,  excluding vehicle accident with injury;2023-014682;400 AVINGER LN;DAVIDSON;NC;28036;Engine 1;25/01/2023 10:44;25/01/2023 10:44;25/01/2023 10:45;25/01/2023 10:49
321 - EMS call,  excluding vehicle accident with injury;2023-015531;400 AVINGER LN;DAVIDSON;NC;28036;Engine 1;26/01/2023 18:29;26/01/2023 18:29;26/01/2023 18:30;26/01/2023 18:35
321 - EMS call,  excluding vehicle accident with injury;2023-015694;138 Potts St;Davidson;NC;28036;Engine 1;27/01/2023 0:03;27/01/2023 0:03;27/01/2023 0:04;27/01/2023 0:07
321 - EMS call,  excluding vehicle accident with injury;2023-016250;400 AVINGER LN;DAVIDSON;NC;28036;Engine 1;27/01/2023 20:03;27/01/2023 20:03;27/01/2023 20:04;27/01/2023 20:07
321 - EMS call,  excluding vehicle accident with injury;2023-016347;100 NELSON LN;DAVIDSON;NC;28036;Engine 1;28/01/2023 0:20;28/01/2023 0:20;28/01/2023 0:22;28/01/2023 0:24
321 - EMS call,  excluding vehicle accident with injury;2023-016357;107 DORMITORY DR;DAVIDSON;NC;28036;Engine 1;28/01/2023 0:50;28/01/2023 0:50;28/01/2023 0:51;28/01/2023 0:53
321 - EMS call,  excluding vehicle accident with injury;2023-016768;131 N MAIN ST;DAVIDSON;NC;28036;Engine 1;28/01/2023 18:24;28/01/2023 18:24;28/01/2023 18:25;28/01/2023 18:27
321 - EMS call,  excluding vehicle accident with injury;2023-017002;133 GLASGOW ST;DAVIDSON;NC;28036;Engine 1;29/01/2023 3:09;29/01/2023 3:09;29/01/2023 3:11;29/01/2023 3:14
321 - EMS call,  excluding vehicle accident with injury;2023-017760;259 FAUST RD;DAVIDSON;NC;28036;Engine 1;30/01/2023 11:54;30/01/2023 11:54;30/01/2023 11:54;30/01/2023 11:58
321 - EMS call,  excluding vehicle accident with injury;2023-018772;712 JOHN ROSS WAY;DAVIDSON;NC;28036;Tower 1;31/01/2023 22:37;31/01/2023 22:37;31/01/2023 22:38;31/01/2023 22:42
321 - EMS call,  excluding vehicle accident with injury;2023-019703;31800-31921 N I-77 Hy;Davidson;NC;28036;Tower 1;02/02/2023 14:15;02/02/2023 14:15;02/02/2023 14:15;02/02/2023 14:19
321 - EMS call,  excluding vehicle accident with injury;2023-019938;107 DORMITORY DR;DAVIDSON;NC;28036;Engine 1;02/02/2023 20:28;02/02/2023 20:28;02/02/2023 20:29;02/02/2023 20:32
321 - EMS call,  excluding vehicle accident with injury;2023-020438;400 AVINGER LN;DAVIDSON;NC;28036;Engine 1;03/02/2023 17:07;03/02/2023 17:07;03/02/2023 17:07;03/02/2023 17:12
321 - EMS call,  excluding vehicle accident with injury;2023-021369;100 N MAIN ST;DAVIDSON;NC;28036;Engine 1;05/02/2023 9:11;05/02/2023 9:11;05/02/2023 9:11;05/02/2023 9:13
321 - EMS call,  excluding vehicle accident with injury;2023-022179;17612 Shasta Daisy Cr;Davidson;NC;28036;Engine 2;06/02/2023 16:35;06/02/2023 16:35;06/02/2023 16:36;06/02/2023 16:41
321 - EMS call,  excluding vehicle accident with injury;2023-022343;172 MORRISON HILL RD;DAVIDSON;NC;28036;Engine 2;06/02/2023 21:37;06/02/2023 21:37;06/02/2023 21:38;06/02/2023 21:41
321 - EMS call,  excluding vehicle accident with injury;2023-023072;514 Westside Tr;Davidson;NC;28036;Engine 1;08/02/2023 4:09;08/02/2023 4:09;08/02/2023 4:11;08/02/2023 4:14
321 - EMS call,  excluding vehicle accident with injury;2023-023140;320 JETTON ST;DAVIDSON;NC;28036;Engine 1;08/02/2023 8:20;08/02/2023 8:20;08/02/2023 8:21;08/02/2023 8:24
321 - EMS call,  excluding vehicle accident with injury;2023-023603;105 DORMITORY DR;DAVIDSON;NC;28036;Engine 1;08/02/2023 22:48;08/02/2023 22:48;08/02/2023 22:49;08/02/2023 22:51
321 - EMS call,  excluding vehicle accident with injury;2023-023977;15510 Davidson-concord Rd;Davidson;NC;28036;Engine 1;09/02/2023 16:01;09/02/2023 16:01;09/02/2023 16:04;09/02/2023 16:12
321 - EMS call,  excluding vehicle accident with injury;2023-023977;15510 Davidson-concord Rd;Davidson;NC;28036;Engine 2;09/02/2023 16:01;09/02/2023 16:01;09/02/2023 16:03;09/02/2023 16:08
321 - EMS call,  excluding vehicle accident with injury;2023-023977;15510 Davidson-concord Rd;Davidson;NC;28036;Battalion 1;09/02/2023 16:01;09/02/2023 16:01;09/02/2023 16:04;09/02/2023 16:10
321 - EMS call,  excluding vehicle accident with injury;2023-026160;102 Lake Davidson Cr;Davidson;NC;28036;Engine 1;13/02/2023 6:47;13/02/2023 6:47;13/02/2023 6:48;13/02/2023 6:51
321 - EMS call,  excluding vehicle accident with injury;2023-026254;825 PENINSULA DR;DAVIDSON;NC;28036;Engine 1;13/02/2023 10:11;13/02/2023 10:11;13/02/2023 10:13;13/02/2023 10:15
321 - EMS call,  excluding vehicle accident with injury;2023-026705;133 GLASGOW ST;DAVIDSON;NC;28036;Engine 1;14/02/2023 0:05;14/02/2023 0:05;14/02/2023 0:07;14/02/2023 0:09
321 - EMS call,  excluding vehicle accident with injury;2023-027549;825 PENINSULA DR;DAVIDSON;NC;28036;Engine 1;15/02/2023 10:37;15/02/2023 10:37;15/02/2023 10:37;15/02/2023 10:41
321 - EMS call,  excluding vehicle accident with injury;2023-028210;13604 JAMES ERVIN WAY;DAVIDSON;NC;28036;Engine 2;16/02/2023 11:32;16/02/2023 11:32;16/02/2023 11:33;16/02/2023 11:37
321 - EMS call,  excluding vehicle accident with injury;2023-028585;302 LAKESIDE AVE;DAVIDSON;NC;28036;Engine 1;16/02/2023 21:53;16/02/2023 21:53;16/02/2023 21:54;16/02/2023 21:56
321 - EMS call,  excluding vehicle accident with injury;2023-029858;359 ARMOUR ST;DAVIDSON;NC;28036;Engine 1;18/02/2023 22:23;18/02/2023 22:23;18/02/2023 22:25;18/02/2023 22:27
321 - EMS call,  excluding vehicle accident with injury;2023-029861;107 Dormitory Dr;Davidson;NC;28036;Engine 1;18/02/2023 22:34;18/02/2023 22:34;18/02/2023 22:34;18/02/2023 22:38
321 - EMS call,  excluding vehicle accident with injury;2023-029861;107 Dormitory Dr;Davidson;NC;28036;Battalion 1;18/02/2023 22:34;18/02/2023 22:34;18/02/2023 22:38;18/02/2023 22:41
321 - EMS call,  excluding vehicle accident with injury;2023-029861;107 Dormitory Dr;Davidson;NC;28036;Engine 2;18/02/2023 22:34;18/02/2023 22:34;18/02/2023 22:35;18/02/2023 22:41
321 - EMS call,  excluding vehicle accident with injury;2023-029995;214 GREY RD;DAVIDSON;NC;28036;Engine 1;19/02/2023 6:49;19/02/2023 6:49;19/02/2023 6:51;19/02/2023 6:54
321 - EMS call,  excluding vehicle accident with injury;2023-030295;771 OLD MEETING WAY;DAVIDSON;NC;28036;Engine 1;19/02/2023 18:57;19/02/2023 18:57;19/02/2023 18:59;19/02/2023 19:05
321 - EMS call,  excluding vehicle accident with injury;2023-030947;324 CATHEY ST;DAVIDSON;NC;28036;Engine 1;20/02/2023 21:01;20/02/2023 21:01;20/02/2023 21:02;20/02/2023 21:04
321 - EMS call,  excluding vehicle accident with injury;2023-031335;825 PENINSULA DR;DAVIDSON;NC;28036;Engine 1;21/02/2023 12:32;21/02/2023 12:32;21/02/2023 12:33;21/02/2023 12:37
321 - EMS call,  excluding vehicle accident with injury;2023-031489;835 BEATY ST;DAVIDSON;NC;28036;Engine 1;21/02/2023 16:54;21/02/2023 16:54;21/02/2023 16:55;21/02/2023 16:58
321 - EMS call,  excluding vehicle accident with injury;2023-031760;713 NORTHEAST DR;DAVIDSON;NC;28036;Engine 1;22/02/2023 7:03;22/02/2023 7:03;22/02/2023 7:04;22/02/2023 7:08
321 - EMS call,  excluding vehicle accident with injury;2023-031824;405 N MAIN ST;DAVIDSON;NC;28036;Engine 1;22/02/2023 9:23;22/02/2023 9:23;22/02/2023 9:24;22/02/2023 9:25
321 - EMS call,  excluding vehicle accident with injury;2023-032510;800 BEATY ST;DAVIDSON;NC;28036;Engine 1;23/02/2023 11:53;23/02/2023 11:53;23/02/2023 11:54;23/02/2023 12:02
321 - EMS call,  excluding vehicle accident with injury;2023-032513;130 HARBOUR PLACE DR;DAVIDSON;NC;28036;Car 1;23/02/2023 11:59;23/02/2023 11:59;23/02/2023 12:01;23/02/2023 12:07
321 - EMS call,  excluding vehicle accident with injury;2023-032513;130 HARBOUR PLACE DR;DAVIDSON;NC;28036;Engine 2;23/02/2023 11:59;23/02/2023 11:59;23/02/2023 12:02;23/02/2023 12:11
321 - EMS call,  excluding vehicle accident with injury;2023-032167;200 BAKER DR;DAVIDSON;NC;28036;Car 5;22/02/2023 19:19;22/02/2023 19:19;22/02/2023 19:19;22/02/2023 19:19
321 - EMS call,  excluding vehicle accident with injury;2023-033109;635 SOUTH ST;DAVIDSON;NC;28036;Engine 1;24/02/2023 11:28;24/02/2023 11:28;24/02/2023 11:28;24/02/2023 11:33
321 - EMS call,  excluding vehicle accident with injury;2023-033346;18827 DEMBRIDGE DR;DAVIDSON;NC;28036;Engine 2;24/02/2023 18:10;24/02/2023 18:10;24/02/2023 18:10;24/02/2023 18:15
321 - EMS call,  excluding vehicle accident with injury;2023-033427;16443 LEAVITT LN;DAVIDSON;NC;28036;Engine 2;24/02/2023 21:20;24/02/2023 21:20;24/02/2023 21:21;24/02/2023 21:29
321 - EMS call,  excluding vehicle accident with injury;2023-033486;107 DORMITORY DR;DAVIDSON;NC;28036;Engine 1;24/02/2023 23:58;24/02/2023 23:58;25/02/2023 0:00;25/02/2023 0:03
321 - EMS call,  excluding vehicle accident with injury;2023-033612;100 N MAIN ST;DAVIDSON;NC;28036;Engine 1;25/02/2023 6:48;25/02/2023 6:48;25/02/2023 6:50;25/02/2023 6:52
321 - EMS call,  excluding vehicle accident with injury;2023-033798;16443 LEAVITT LN;DAVIDSON;NC;28036;Engine 2;25/02/2023 13:26;25/02/2023 13:26;25/02/2023 13:28;25/02/2023 13:34
321 - EMS call,  excluding vehicle accident with injury;2023-034225;15625 WHITE QUARTZ LN;DAVIDSON;NC;28036;Battalion 1;26/02/2023 8:20;26/02/2023 8:20;26/02/2023 8:21;26/02/2023 8:25
321 - EMS call,  excluding vehicle accident with injury;2023-034225;15625 WHITE QUARTZ LN;DAVIDSON;NC;28036;Engine 1;26/02/2023 8:20;26/02/2023 8:20;26/02/2023 8:21;26/02/2023 8:29
321 - EMS call,  excluding vehicle accident with injury;2023-034225;15625 WHITE QUARTZ LN;DAVIDSON;NC;28036;Engine 2;26/02/2023 8:20;26/02/2023 8:20;26/02/2023 8:21;26/02/2023 8:25
321 - EMS call,  excluding vehicle accident with injury;2023-034293;17405 LYNX DEN CT;DAVIDSON;NC;28036;Engine 2;26/02/2023 11:22;26/02/2023 11:22;26/02/2023 11:23;26/02/2023 11:28
321 - EMS call,  excluding vehicle accident with injury;2023-034636;793 PENINSULA DR;DAVIDSON;NC;28036;Engine 1;27/02/2023 0:20;27/02/2023 0:20;27/02/2023 0:21;27/02/2023 0:25
321 - EMS call,  excluding vehicle accident with injury;2023-034972;505 PARK AVE;DAVIDSON;NC;28036;Engine 1;27/02/2023 14:46;27/02/2023 14:46;27/02/2023 14:47;27/02/2023 14:50
321 - EMS call,  excluding vehicle accident with injury;2023-035009;431 PENINSULA DR;DAVIDSON;NC;28036;Engine 1;27/02/2023 15:27;27/02/2023 15:27;27/02/2023 15:28;27/02/2023 15:31
321 - EMS call,  excluding vehicle accident with injury;2023-035819;409 RIDGE RD;DAVIDSON;NC;28036;Engine 1;28/02/2023 19:57;28/02/2023 19:57;28/02/2023 19:58;28/02/2023 20:01
321 - EMS call,  excluding vehicle accident with injury;2023-035955;713 NORTHEAST DR;DAVIDSON;NC;28036;Engine 1;01/03/2023 3:38;01/03/2023 3:39;01/03/2023 3:40;01/03/2023 3:43
321 - EMS call,  excluding vehicle accident with injury;2023-036227;111 Patterson Court Cr;Davidson;NC;28036;Engine 1;01/03/2023 14:39;01/03/2023 14:39;01/03/2023 14:39;01/03/2023 14:42
321 - EMS call,  excluding vehicle accident with injury;2023-037020;409 RIDGE RD;DAVIDSON;NC;28036;Engine 1;02/03/2023 18:36;02/03/2023 18:36;02/03/2023 18:37;02/03/2023 18:40
321 - EMS call,  excluding vehicle accident with injury;2023-031748;419 ASHBY DR;DAVIDSON;NC;28036;Engine 2;22/02/2023 5:55;22/02/2023 5:55;22/02/2023 5:57;22/02/2023 6:02
321 - EMS call,  excluding vehicle accident with injury;2023-038030;917 SHEARER ST;DAVIDSON;NC;28036;Engine 1;04/03/2023 7:27;04/03/2023 7:27;04/03/2023 7:28;04/03/2023 7:33
321 - EMS call,  excluding vehicle accident with injury;2023-038731;915 NORTHEAST DR;DAVIDSON;NC;28036;Engine 1;05/03/2023 12:47;05/03/2023 12:47;05/03/2023 12:47;05/03/2023 12:51
321 - EMS call,  excluding vehicle accident with injury;2023-038937;Positano Ln ;Davidson;NC;28036;Engine 1;05/03/2023 18:48;05/03/2023 18:48;05/03/2023 18:48;05/03/2023 18:51
321 - EMS call,  excluding vehicle accident with injury;2023-038945;825 PENINSULA DR;DAVIDSON;NC;28036;Engine 1;05/03/2023 19:01;05/03/2023 19:01;05/03/2023 19:01;05/03/2023 19:04
321 - EMS call,  excluding vehicle accident with injury;2023-039936;14800 E ROCKY RIVER RD;DAVIDSON;NC;28036;Engine 2;07/03/2023 9:52;07/03/2023 9:52;07/03/2023 9:53;07/03/2023 10:00
321 - EMS call,  excluding vehicle accident with injury;2023-040493;605 JETTON ST;DAVIDSON;NC;28036;Engine 1;08/03/2023 7:23;08/03/2023 7:23;08/03/2023 7:23;08/03/2023 7:26
321 - EMS call,  excluding vehicle accident with injury;2023-040911;400 AVINGER LN;DAVIDSON;NC;28036;Engine 1;08/03/2023 19:17;08/03/2023 19:17;08/03/2023 19:18;08/03/2023 19:23
321 - EMS call,  excluding vehicle accident with injury;2023-041117;108 VIEWLAKE ST;DAVIDSON;NC;28036;Engine 1;09/03/2023 6:54;09/03/2023 6:54;09/03/2023 6:55;09/03/2023 6:58
321 - EMS call,  excluding vehicle accident with injury;2023-041277;178 Jackson St;Davidson;NC;28036;Engine 1;09/03/2023 12:21;09/03/2023 12:22;09/03/2023 12:23;09/03/2023 12:23
321 - EMS call,  excluding vehicle accident with injury;2023-041535;18918 GAINESWAY CT;DAVIDSON;NC;28036;Engine 2;09/03/2023 19:51;09/03/2023 19:51;09/03/2023 19:52;09/03/2023 19:56
321 - EMS call,  excluding vehicle accident with injury;2023-041486;409 RIDGE RD;DAVIDSON;NC;28036;Engine 1;09/03/2023 18:28;09/03/2023 18:28;09/03/2023 18:29;09/03/2023 18:32
321 - EMS call,  excluding vehicle accident with injury;2023-041754;605 JETTON ST;DAVIDSON;NC;28036;Engine 1;10/03/2023 6:25;10/03/2023 6:25;10/03/2023 6:26;10/03/2023 6:31
321 - EMS call,  excluding vehicle accident with injury;2023-041847;825 PENINSULA DR;DAVIDSON;NC;28036;Engine 1;10/03/2023 9:50;10/03/2023 9:50;10/03/2023 9:51;10/03/2023 9:55
321 - EMS call,  excluding vehicle accident with injury;2023-041878;635 SOUTH ST;DAVIDSON;NC;28036;Engine 1;10/03/2023 10:47;10/03/2023 10:47;10/03/2023 10:48;10/03/2023 10:51
321 - EMS call,  excluding vehicle accident with injury;2023-041854;306 SLOAN ST;DAVIDSON;NC;28036;Engine 2;10/03/2023 9:57;10/03/2023 9:57;10/03/2023 9:58;10/03/2023 10:03
321 - EMS call,  excluding vehicle accident with injury;2023-042241;400 AVINGER LN;DAVIDSON;NC;28036;Battalion 1;10/03/2023 21:13;10/03/2023 21:13;10/03/2023 21:15;10/03/2023 21:37
321 - EMS call,  excluding vehicle accident with injury;2023-042241;400 AVINGER LN;DAVIDSON;NC;28036;Engine 1;10/03/2023 21:13;10/03/2023 21:13;10/03/2023 21:14;10/03/2023 21:17
321 - EMS call,  excluding vehicle accident with injury;2023-042241;400 AVINGER LN;DAVIDSON;NC;28036;Engine 2;10/03/2023 21:13;10/03/2023 21:13;10/03/2023 21:15;10/03/2023 21:19
321 - EMS call,  excluding vehicle accident with injury;2023-042649;209 DELBURG ST;DAVIDSON;NC;28036;Engine 1;11/03/2023 15:56;11/03/2023 15:56;11/03/2023 15:56;11/03/2023 15:58
321 - EMS call,  excluding vehicle accident with injury;2023-042886;800 BEATY ST;DAVIDSON;NC;28036;Engine 1;12/03/2023 0:32;12/03/2023 0:32;12/03/2023 0:33;12/03/2023 0:37
321 - EMS call,  excluding vehicle accident with injury;2023-043055;127 S MAIN ST;DAVIDSON;NC;28036;Engine 1;12/03/2023 9:49;12/03/2023 9:49;12/03/2023 9:50;12/03/2023 9:51
321 - EMS call,  excluding vehicle accident with injury;2023-043307;209 DELBURG ST;DAVIDSON;NC;28036;Engine 1;12/03/2023 19:57;12/03/2023 19:57;12/03/2023 19:58;12/03/2023 20:00
321 - EMS call,  excluding vehicle accident with injury;2023-043526;400 AVINGER LN;DAVIDSON;NC;28036;Engine 1;13/03/2023 6:21;13/03/2023 6:21;13/03/2023 6:23;13/03/2023 6:27
321 - EMS call,  excluding vehicle accident with injury;2023-043662;825 PENINSULA DR;DAVIDSON;NC;28036;Engine 1;13/03/2023 12:11;13/03/2023 12:11;13/03/2023 12:11;13/03/2023 12:14
321 - EMS call,  excluding vehicle accident with injury;2023-044122;107 DORMITORY DR;DAVIDSON;NC;28036;Engine 1;14/03/2023 8:00;14/03/2023 8:00;14/03/2023 8:01;14/03/2023 8:04
321 - EMS call,  excluding vehicle accident with injury;2023-044961;825 PENINSULA DR;DAVIDSON;NC;28036;Engine 1;15/03/2023 12:51;15/03/2023 12:51;15/03/2023 12:52;15/03/2023 12:54
321 - EMS call,  excluding vehicle accident with injury;2023-045814;102 NELSON LN;DAVIDSON;NC;28036;Engine 1;16/03/2023 18:50;16/03/2023 18:50;16/03/2023 18:50;16/03/2023 18:55
321 - EMS call,  excluding vehicle accident with injury;2023-045974;539 BEATY ST;DAVIDSON;NC;28036;Engine 1;16/03/2023 23:22;16/03/2023 23:22;16/03/2023 23:24;16/03/2023 23:26
321 - EMS call,  excluding vehicle accident with injury;2023-046348;825 PENINSULA DR;DAVIDSON;NC;28036;Engine 1;17/03/2023 15:04;17/03/2023 15:04;17/03/2023 15:04;17/03/2023 15:07
321 - EMS call,  excluding vehicle accident with injury;2023-046846;825 PENINSULA DR;DAVIDSON;NC;28036;Battalion 1;18/03/2023 9:21;18/03/2023 9:21;18/03/2023 9:26;18/03/2023 9:26
321 - EMS call,  excluding vehicle accident with injury;2023-046846;825 PENINSULA DR;DAVIDSON;NC;28036;Engine 1;18/03/2023 9:21;18/03/2023 9:21;18/03/2023 9:22;18/03/2023 9:26
321 - EMS call,  excluding vehicle accident with injury;2023-000542;Crescent Dr ;Davidson;NC;28036;Engine 1;01/01/2023 15:34;01/01/2023 15:34;01/01/2023 15:35;01/01/2023 15:38
321 - EMS call,  excluding vehicle accident with injury;2023-047368;107 DORMITORY DR;DAVIDSON;NC;28036;Engine 1;19/03/2023 2:13;19/03/2023 2:13;19/03/2023 2:15;19/03/2023 2:18
321 - EMS call,  excluding vehicle accident with injury;2023-047403;19908 LAMP LIGHTERS WAY;CORNELIUS;NC;28031;Engine 1;19/03/2023 3:29;19/03/2023 3:29;19/03/2023 3:30;19/03/2023 3:35
321 - EMS call,  excluding vehicle accident with injury;2023-047541;400 AVINGER LN;DAVIDSON;NC;28036;Engine 1;19/03/2023 11:04;19/03/2023 11:04;19/03/2023 11:04;19/03/2023 11:08
321 - EMS call,  excluding vehicle accident with injury;2023-047551;628 Westside Tr;Davidson;NC;28036;Engine 1;19/03/2023 11:28;19/03/2023 11:28;19/03/2023 11:29;19/03/2023 11:31
321 - EMS call,  excluding vehicle accident with injury;2023-046848;18329 CENTRE COURT DR;DAVIDSON;NC;28036;Engine 2;18/03/2023 9:41;18/03/2023 9:41;18/03/2023 9:42;18/03/2023 9:47
321 - EMS call,  excluding vehicle accident with injury;2023-049314;565 GRIFFITH ST;DAVIDSON;NC;28036;Engine 1;22/03/2023 8:12;22/03/2023 8:12;22/03/2023 8:13;22/03/2023 8:15
321 - EMS call,  excluding vehicle accident with injury;2023-050650;107 DORMITORY DR;DAVIDSON;NC;28036;Engine 1;24/03/2023 3:50;24/03/2023 3:50;24/03/2023 3:51;24/03/2023 3:54
321 - EMS call,  excluding vehicle accident with injury;2023-052042;111 Patterson Court Cr;Davidson;NC;28036;Engine 1;26/03/2023 1:00;26/03/2023 1:00;26/03/2023 1:02;26/03/2023 1:04
321 - EMS call,  excluding vehicle accident with injury;2023-052065;100 NELSON LN;DAVIDSON;NC;28036;Engine 1;26/03/2023 1:48;26/03/2023 1:48;26/03/2023 1:50;26/03/2023 1:52
321 - EMS call,  excluding vehicle accident with injury;2023-052124;712 JOHN ROSS WAY;DAVIDSON;NC;28036;Engine 1;26/03/2023 4:40;26/03/2023 4:40;26/03/2023 4:42;26/03/2023 4:46
320 - Emergency medical service incident,  other;2023-031004;River Crossing Bv ;Davidson;NC;28036;Car 5;20/02/2023 22:39;20/02/2023 22:39;20/02/2023 22:40;20/02/2023 22:45
320 - Emergency medical service incident,  other;2023-031004;River Crossing Bv ;Davidson;NC;28036;Engine 2;20/02/2023 22:39;20/02/2023 22:39;20/02/2023 22:40;20/02/2023 22:45
311 - Medical assist,  assist EMS crew;2023-029963;841 BLACKWELDER DR;DAVIDSON;NC;28036;Engine 1;19/02/2023 3:44;19/02/2023 3:44;19/02/2023 3:46;19/02/2023 3:49
311 - Medical assist,  assist EMS crew;2023-030118;825 PENINSULA DR;DAVIDSON;NC;28036;Engine 1;19/02/2023 12:57;19/02/2023 12:57;19/02/2023 12:58;19/02/2023 13:05
311 - Medical assist,  assist EMS crew;2023-030070;825 PENINSULA DR;DAVIDSON;NC;28036;Engine 1;19/02/2023 10:49;19/02/2023 10:49;19/02/2023 10:50;19/02/2023 10:56
311 - Medical assist,  assist EMS crew;01032023-001597;16740 DAVIDSON-CONCORD RD;DAVIDSON;NC;28036;Engine 2;03/01/2023 10:29;03/01/2023 10:29;03/01/2023 10:30;03/01/2023 10:33
311 - Medical assist,  assist EMS crew;2023-047911;Shearer Rd ;Davidson;NC;28036;Engine 2;20/03/2023 0:05;20/03/2023 0:05;20/03/2023 0:06;20/03/2023 0:12
311 - Medical assist,  assist EMS crew;2023-021294;825 PENINSULA DR;DAVIDSON;NC;28036;Engine 1;05/02/2023 4:11;05/02/2023 4:11;05/02/2023 4:13;05/02/2023 4:16
311 - Medical assist,  assist EMS crew;2023-020824;400 AVINGER LN;DAVIDSON;NC;28036;Engine 1;05/02/2023 3:03;05/02/2023 3:03;05/02/2023 3:04;05/02/2023 3:08
311 - Medical assist,  assist EMS crew;2023-020106;825 PENINSULA DR;DAVIDSON;NC;28036;Engine 1;03/02/2023 7:40;03/02/2023 7:40;03/02/2023 7:40;03/02/2023 7:46
311 - Medical assist,  assist EMS crew;2023-01945;16740 DAVIDSON-CONCORD RD;DAVIDSON;NC;28036;Engine 2;02/02/2023 6:32;02/02/2023 6:32;02/02/2023 6:35;02/02/2023 6:40
311 - Medical assist,  assist EMS crew;2023-019336;16740 DAVIDSON-CONCORD RD;DAVIDSON;NC;28036;Engine 2;01/02/2023 21:54;01/02/2023 21:54;01/02/2023 21:56;01/02/2023 22:01
311 - Medical assist,  assist EMS crew;2023-004023;16740 DAVIDSON-CONCORD RD;DAVIDSON;NC;28036;Engine 2;06/01/2023 20:07;06/01/2023 20:07;06/01/2023 20:08;06/01/2023 20:15
311 - Medical assist,  assist EMS crew;2023-039066;162 VERNON DR;DAVIDSON;NC;28031;Engine 1;05/03/2023 22:25;05/03/2023 22:25;05/03/2023 22:25;05/03/2023 22:28
311 - Medical assist,  assist EMS crew;2023-035831;400 AVINGER LN;DAVIDSON;NC;28036;Engine 2;28/02/2023 20:08;28/02/2023 20:08;28/02/2023 20:10;28/02/2023 20:16
311 - Medical assist,  assist EMS crew;2023-036751;635 SOUTH ST;DAVIDSON;NC;28036;Engine 1;02/03/2023 10:44;02/03/2023 10:44;02/03/2023 10:44;02/03/2023 10:47
311 - Medical assist,  assist EMS crew;2023-034884;22634 TORRENCE CHAPEL RD;CORNELIUS;NC;28031;Engine 1;27/02/2023 12:58;27/02/2023 12:58;27/02/2023 12:58;27/02/2023 13:05
311 - Medical assist,  assist EMS crew;2023-048493;556 EASTWAY ST;DAVIDSON;NC;28036;Engine 1;20/03/2023 22:13;20/03/2023 22:13;20/03/2023 22:15;20/03/2023 22:19
311 - Medical assist,  assist EMS crew;2023-033494;118 Patterson Ct Cir;Davidson;NC;28036;Engine 1;25/02/2023 0:19;25/02/2023 0:19;25/02/2023 0:21;25/02/2023 0:25
311 - Medical assist,  assist EMS crew;2023-048823;429 AVINGER LN;DAVIDSON;NC;28036;Engine 1;21/03/2023 12:37;21/03/2023 12:37;21/03/2023 12:38;21/03/2023 12:43
311 - Medical assist,  assist EMS crew;2023-015394;108 S MAIN ST;DAVIDSON;NC;28036;Engine 1;26/01/2023 14:50;26/01/2023 14:50;26/01/2023 14:51;26/01/2023 14:53
311 - Medical assist,  assist EMS crew;2023-052244;400 AVINGER LN;DAVIDSON;NC;28036;Engine 1;26/03/2023 11:31;26/03/2023 11:31;26/03/2023 11:32;26/03/2023 11:36
311 - Medical assist,  assist EMS crew;2023-043135;410 POTTS ST;DAVIDSON;NC;28036;Engine 1;12/03/2023 13:28;12/03/2023 13:28;12/03/2023 13:28;12/03/2023 13:30
311 - Medical assist,  assist EMS crew;2023-010232;441 Avinger Ln;Davidson;NC;28036;Engine 1;17/01/2023 17:20;17/01/2023 17:20;17/01/2023 17:21;17/01/2023 17:28
311 - Medical assist,  assist EMS crew;2023-043569;825 PENINSULA DR;DAVIDSON;NC;28036;Engine 1;13/03/2023 8:53;13/03/2023 8:53;13/03/2023 8:54;13/03/2023 8:59
311 - Medical assist,  assist EMS crew;2023-009650;825 PENINSULA DR;DAVIDSON;NC;28036;Engine 1;16/01/2023 16:58;16/01/2023 16:58;16/01/2023 17:00;16/01/2023 17:05
311 - Medical assist,  assist EMS crew;2023-009650;825 PENINSULA DR;DAVIDSON;NC;28036;Battalion 1;16/01/2023 16:58;16/01/2023 16:58;16/01/2023 17:02;16/01/2023 17:03
311 - Medical assist,  assist EMS crew;2023-025691;825 PENINSULA DR;DAVIDSON;NC;28036;Engine 1;12/02/2023 10:15;12/02/2023 10:15;12/02/2023 10:15;12/02/2023 10:20
311 - Medical assist,  assist EMS crew;2023-050445;2232 GREY RD;DAVIDSON;NC;28036;Engine 1;23/03/2023 20:19;23/03/2023 20:19;23/03/2023 20:20;23/03/2023 20:24
311 - Medical assist,  assist EMS crew;2023-046700;106 Patterson Court Cr;Davidson;NC;28036;Engine 1;18/03/2023 2:24;18/03/2023 2:24;18/03/2023 2:35;18/03/2023 2:35
311 - Medical assist,  assist EMS crew;2023-003656;16740 DAVIDSON-CONCORD RD;DAVIDSON;NC;28036;Engine 2;06/01/2023 10:06;06/01/2023 10:06;06/01/2023 10:09;06/01/2023 10:13
311 - Medical assist,  assist EMS crew;2023-007227;14910 REESE FINLEY LN;CORNELIUS;NC;28036;Engine 2;12/01/2023 14:52;12/01/2023 14:52;12/01/2023 14:53;12/01/2023 14:57
311 - Medical assist,  assist EMS crew;2023-005689;712 JOHN ROSS WAY;DAVIDSON;NC;28036;Engine 1;09/01/2023 21:25;09/01/2023 21:25;09/01/2023 21:26;09/01/2023 21:29
311 - Medical assist,  assist EMS crew;2023-045634;21200-21399 S I-77 Ra Sb;Davidson;NC;24060;Engine 2;16/03/2023 13:57;16/03/2023 13:57;16/03/2023 13:58;16/03/2023 14:05
311 - Medical assist,  assist EMS crew;2023-045647;400 AVINGER LN;DAVIDSON;NC;28036;Engine 2;16/03/2023 14:08;16/03/2023 14:08;16/03/2023 14:10;16/03/2023 14:17
311 - Medical assist,  assist EMS crew;2023-025613;233 CATAWBA AVE;DAVIDSON;NC;28036;Engine 1;12/02/2023 7:06;12/02/2023 7:06;12/02/2023 7:07;12/02/2023 7:11
311 - Medical assist,  assist EMS crew;2023-004357;556 EASTWAY ST;DAVIDSON;NC;28036;Engine 1;07/01/2023 14:06;07/01/2023 14:06;07/01/2023 14:07;07/01/2023 14:11
311 - Medical assist,  assist EMS crew;2023-003451;825 PENINSULA DR;DAVIDSON;NC;28036;Engine 1;05/01/2023 23:53;05/01/2023 23:53;05/01/2023 23:54;05/01/2023 23:58
311 - Medical assist,  assist EMS crew;2023-024143;400 Avinger Ln;Davidson;NC;28036;Engine 1;09/02/2023 21:34;09/02/2023 21:34;09/02/2023 21:36;09/02/2023 21:39
311 - Medical assist,  assist EMS crew;2023-002498;1330 Torrence Cr;Davidson;NC;28036;Engine 1;04/01/2023 15:21;04/01/2023 15:21;04/01/2023 15:21;04/01/2023 15:30
300 - Rescue,  EMS incident;2023-012929;17306 GLADYS WAY;DAVIDSON;NC;28036;Engine 2;22/01/2023 9:29;22/01/2023 9:29;22/01/2023 9:30;22/01/2023 9:36
300 - Rescue,  EMS incident;2023-032836;400 AVINGER LN;DAVIDSON;NC;28036;Engine 1;23/02/2023 21:46;23/02/2023 21:46;23/02/2023 21:47;23/02/2023 21:51
300 - Rescue,  EMS incident;2023-041494;3331 GREY RD;DAVIDSON;NC;28036;Engine 1;09/03/2023 18:43;09/03/2023 18:43;09/03/2023 18:43;09/03/2023 18:54
300 - Rescue,  EMS incident;2023-041494;3331 GREY RD;DAVIDSON;NC;28036;Battalion 1;09/03/2023 18:43;09/03/2023 18:43;09/03/2023 18:43;09/03/2023 18:54
251 - Excessive heat,  scorch burns with no ignition;2023-045554;328 NORTHWEST DR;DAVIDSON;NC;28036;Battalion 1;16/03/2023 11:50;16/03/2023 11:50;16/03/2023 11:50;16/03/2023 11:55
251 - Excessive heat,  scorch burns with no ignition;2023-045554;328 NORTHWEST DR;DAVIDSON;NC;28036;Engine 1;16/03/2023 11:50;16/03/2023 11:50;16/03/2023 11:50;16/03/2023 11:55
251 - Excessive heat,  scorch burns with no ignition;2023-048123;17711 OLD STATESVILLE RD;CORNELIUS;NC;28031;Engine 1;20/03/2023 10:47;20/03/2023 10:47;20/03/2023 10:48;20/03/2023 10:53
251 - Excessive heat,  scorch burns with no ignition;2023-038405;207 LORIMER RD;DAVIDSON;NC;28036;Engine 1;04/03/2023 21:12;04/03/2023 21:12;04/03/2023 21:12;04/03/2023 21:13
251 - Excessive heat,  scorch burns with no ignition;2023-038405;207 LORIMER RD;DAVIDSON;NC;28036;Battalion 1;04/03/2023 21:12;04/03/2023 21:12;04/03/2023 21:12;04/03/2023 21:13
251 - Excessive heat,  scorch burns with no ignition;2023-048123;17711 OLD STATESVILLE RD;CORNELIUS;NC;28031;Car 1;20/03/2023 10:47;20/03/2023 10:47;20/03/2023 10:48;20/03/2023 10:53
130 - Mobile property (vehicle) fire,  other;2023-049398;3100-3132 N I-77 Hy;Mooresville;NC;28115;Car 2;22/03/2023 10:30;22/03/2023 10:30;22/03/2023 10:31;22/03/2023 10:33
130 - Mobile property (vehicle) fire,  other;2023-049398;3100-3132 N I-77 Hy;Mooresville;NC;28115;Tanker 1;22/03/2023 10:30;22/03/2023 10:30;22/03/2023 10:31;22/03/2023 10:33
130 - Mobile property (vehicle) fire,  other;2023-049398;3100-3132 N I-77 Hy;Mooresville;NC;28115;Engine 1;22/03/2023 10:30;22/03/2023 10:30;22/03/2023 10:31;22/03/2023 10:33
112 - Fires in structure other than in a building, 2023-030455;2023-030455;20401 ZION AVE;CORNELIUS;NC;28031;Engine 1;20/02/2023 1:03;20/02/2023 1:03;20/02/2023 1:05;20/02/2023 2:07
112 - Fires in structure other than in a building, 2023-030455;2023-030455;20401 ZION AVE;CORNELIUS;NC;28031;Engine 2;20/02/2023 1:03;20/02/2023 1:03;20/02/2023 1:04;20/02/2023 1:13
112 - Fires in structure other than in a building, 2023-030455;2023-030455;20401 ZION AVE;CORNELIUS;NC;28031;Battalion 1;20/02/2023 1:03;20/02/2023 1:03;20/02/2023 1:05;20/02/2023 1:12
111 - Building fire, 2023-009643;2023-009643;9400 WASHAM POTTS RD;CORNELIUS;NC;28031;Battalion 1;16/01/2023 16:48;16/01/2023 16:48;16/01/2023 16:49;16/01/2023 16:55
111 - Building fire, 2023-009643;2023-009643;9400 WASHAM POTTS RD;CORNELIUS;NC;28031;Engine 2;16/01/2023 16:48;16/01/2023 16:48;16/01/2023 16:49;16/01/2023 16:55
111 - Building fire, 2023-009643;2023-009643;9400 WASHAM POTTS RD;CORNELIUS;NC;28031;Engine 1;16/01/2023 16:48;16/01/2023 16:48;16/01/2023 16:48;16/01/2023 16:53
100 - Fire,  other;2023-019250;21257 COLD SPRING LN;CORNELIUS;NC;28031;Engine 2;01/02/2023 18:20;01/02/2023 18:20;01/02/2023 18:20;01/02/2023 18:27
100 - Fire,  other;2023-019250;21257 COLD SPRING LN;CORNELIUS;NC;28031;Engine 1;01/02/2023 18:20;01/02/2023 18:20;01/02/2023 18:20;01/02/2023 18:27
100 - Fire,  other;2023-019250;21257 COLD SPRING LN;CORNELIUS;NC;28031;Battalion 1;01/02/2023 18:20;01/02/2023 18:20;01/02/2023 18:20;01/02/2023 18:27
